phoneNumber,name,age,email,aadharNumber,company,address,remarks,imei,imsi
9427768896,Abishake,26,Abishake@example.com,447381234011,Google,Royapettah,hello there,200426647427528,242860108945661
9975981303,Kumaran,36,Kumaran@example.com,562025050749,DEShaw,Royapettah,hello there,350158109672332,272350263865407
9595841969,Kumaran,23,Kumaran@example.com,157381246492,Microsoft,Mylapore,hello there,524947849128161,287422166797683
9408430993,Ram,32,Ram@example.com,867486628855,Amazon,Adyar,hello there,234735807738012,603312674586168
9911660830,Hrishi,33,Hrishi@example.com,146986323615,Uber,Mylapore,hello there,495906590239103,861033542828078
9695542242,Sandhya,39,Sandhya@example.com,303318825673,DEShaw,Adyar,hello there,901842017094461,606284316537481
9284852853,Abishake,47,Abishake@example.com,529826668867,DEShaw,Royapettah,hello there,917604716716699,804405620679524
9721652163,Hrishi,23,Hrishi@example.com,986212088448,Google,Perambur,hello there,645670156156211,538982013167024
9170303105,Deeraj,29,Deeraj@example.com,613734000369,Amazon,Adyar,hello there,202283802493554,641088763409417
